271608,45,F,4,GR-271608,MA380271608665,James,Smith,James_Smith115@abc.com,exp03,3802716
269345,11,F,10,US-269345,MA253269345717,Michael,Smith,Michael_Smith523@abc.com, ,2532693
270678,19,F,4,CA-270678,MA432270678971,Robert,Smith,Robert_Smith850@abc.com,exp02,4322706
272777,30,M,7,AU-272777,MA420272777983,David,Smith,David_Smith763@abc.com,exp03,4202727
269867,39,F,1,GR-269867,MA270269867767,James,Johnson,James_Johnson900@abc.com,exp03,2702698
275023,19,M,6,GR-275023,MA313275023793,Michael,Johnson,Michael_Johnson892@abc.com, ,3132750
271489,24,M,9,GR-271489,MA307271489662,William,Smith,William_Smith753@abc.com,exp03,3072714
267098,26,F,9,US-267098,MA371267098704,James,Williams,James_Williams116@abc.com, ,3712670
275108,29,F,8,IN-275108,MA405275108813,Robert,Johnson,Robert_Johnson200@abc.com, ,4052751
274562,26,M,6,AU-274562,MA405274562919,Mary,Smith,Mary_Smith471@abc.com,exp01,4052745
273506,26,M,3,CA-273506,MA322273506961,James,Brown,James_Brown143@abc.com,exp01,3222735
274402,31,M,7,US-274402,MA348274402837,John,Smith,John_Smith147@abc.com, ,3482744
272069,16,F,8,GR-272069,MA134272069919,David,Johnson,David_Johnson313@abc.com,exp01,1342720
266863,37,M,6,AU-266863,MA544266863570,Michael,Brown,Michael_Brown279@abc.com,exp01,5442668
273067,22,F,5,CA-273067,MA427273067702,Maria,Garcia,Maria_Garcia922@abc.com, ,4272730
271818,28,M,7,IN-271818,MA293271818743,Michael,Williams,Michael_Williams448@abc.com,exp03,2932718
267097,15,M,2,AU-267097,MA469267097600,Michael,Jones,Michael_Jones564@abc.com,exp03,4692670
270384,19,F,8,GR-270384,MA389270384620,James,Jones,James_Jones852@abc.com,exp01,3892703
270787,23,F,6,GR-270787,MA534270787895,Maria,Rodriguez,Maria_Rodriguez799@abc.com,exp02,5342707
272484,41,F,4,GR-272484,MA286272484897,Robert,Brown,Robert_Brown839@abc.com, ,2862724
274014,37,M,10,IN-274014,MA454274014832,Michael,Miller,Michael_Miller524@abc.com,exp01,4542740
268492,38,M,1,CA-268492,MA185268492572,Robert,Jones,Robert_Jones609@abc.com,exp01,1852684
273896,24,M,6,US-273896,MA130273896835,Robert,Williams,Robert_Williams264@abc.com,exp02,1302738
269388,43,M,3,US-269388,MA411269388633,William,Johnson,William_Johnson888@abc.com,exp02,4112693
270294,41,M,7,US-270294,MA219270294740,James,Davis,James_Davis333@abc.com,exp03,2192702
271250,17,M,4,IN-271250,MA322271250974,Mary,Johnson,Mary_Johnson144@abc.com,exp03,3222712
269136,12,M,4,GR-269136,MA329269136947,Maria,Martinez,Maria_Martinez384@abc.com,exp01,3292691
274477,16,F,7,IN-274477,MA430274477961,Charles,Smith,Charles_Smith431@abc.com,exp02,4302744
268145,15,F,6,CA-268145,MA137268145670,David,Brown,David_Brown388@abc.com,exp02,1372681
269009,20,M,2,GR-269009,MA381269009879,Robert,Miller,Robert_Miller507@abc.com,exp02,3812690
269223,33,F,6,GR-269223,MA334269223642,James,Miller,James_Miller411@abc.com,exp02,3342692
273359,42,M,7,US-273359,MA148273359905,John,Williams,John_Williams531@abc.com,exp03,1482733
275149,35,F,8,US-275149,MA190275149971,Richard,Smith,Richard_Smith919@abc.com,exp03,1902751
269407,45,F,1,US-269407,MA356269407845,David,Williams,David_Williams424@abc.com,exp03,3562694
273250,44,F,6,GR-273250,MA331273250707,David,Jones,David_Jones144@abc.com,exp03,3312732
270148,36,M,1,IN-270148,MA482270148913,Michael,Davis,Michael_Davis387@abc.com,exp03,4822701
271763,35,M,7,US-271763,MA552271763621,William,Brown,William_Brown435@abc.com,exp01,5522717
275139,28,F,8,US-275139,MA362275139667,David,Miller,David_Miller438@abc.com,exp01,3622751
268799,45,M,9,AU-268799,MA474268799712,Mary,Williams,Mary_Williams715@abc.com,exp03,4742687
271030,48,M,1,AU-271030,MA257271030955,Jennifer,Smith,Jennifer_Smith597@abc.com,exp03,2572710
272785,11,M,7,AU-272785,MA344272785621,William,Jones,William_Jones253@abc.com, ,3442727
269452,42,F,2,GR-269452,MA293269452995,John,Johnson,John_Johnson952@abc.com,exp01,2932694
269014,15,F,3,AU-269014,MA424269014906,John,Miller,John_Miller550@abc.com,exp01,4242690
271322,17,F,7,AU-271322,MA370271322956,Daniel,Smith,Daniel_Smith408@abc.com,exp02,3702713
271912,35,M,10,CA-271912,MA379271912998,Thomas,Smith,Thomas_Smith863@abc.com, ,3792719
269019,20,F,5,AU-269019,MA479269019729,Linda,Smith,Linda_Smith144@abc.com,exp02,4792690
268774,14,F,2,US-268774,MA539268774975,James,Wilson,James_Wilson588@abc.com,exp01,5392687
268138,34,M,3,US-268138,MA486268138785,Robert,Davis,Robert_Davis565@abc.com,exp03,4862681
269101,26,M,7,GR-269101,MA293269101722,Mary,Brown,Mary_Brown768@abc.com,exp03,2932691
268934,48,F,7,US-268934,MA268268934843,Mary,Jones,Mary_Jones227@abc.com,exp03,2682689
269772,42,F,9,AU-269772,MA538269772878,Patricia,Smith,Patricia_Smith611@abc.com,exp03,5382697
273667,49,M,9,CA-273667,MA329273667954,James,Moore,James_Moore505@abc.com,exp01,3292736
271509,40,M,3,IN-271509,MA224271509858,James,Taylor,James_Taylor776@abc.com,exp02,2242715
270351,34,M,5,AU-270351,MA325270351645,William,Miller,William_Miller758@abc.com, ,3252703
274426,12,F,8,US-274426,MA165274426762,John,Davis,John_Davis871@abc.com,exp01,1652744
268129,12,F,9,AU-268129,MA530268129844,Charles,Johnson,Charles_Johnson565@abc.com,exp01,5302681
272357,13,F,6,IN-272357,MA483272357618,William,Davis,William_Davis468@abc.com,exp03,4832723
271355,26,F,2,CA-271355,MA402271355594,John,Jones,John_Jones743@abc.com,exp02,4022713
268516,39,F,10,GR-268516,MA224268516852,Richard,Johnson,Richard_Johnson473@abc.com,exp01,2242685
274987,31,M,2,GR-274987,MA211274987914,James,Anderson,James_Anderson427@abc.com,exp01,2112749
268487,10,F,2,IN-268487,MA507268487921,Robert,Taylor,Robert_Taylor388@abc.com,exp03,5072684
268755,35,F,8,GR-268755,MA440268755931,Barbara,Smith,Barbara_Smith480@abc.com,exp03,4402687
274829,33,F,2,GR-274829,MA560274829928,Michael,Moore,Michael_Moore652@abc.com,exp03,5602748
267544,12,M,7,GR-267544,MA313267544883,James,Martin,James_Martin136@abc.com,exp03,3132675
270842,50,M,2,IN-270842,MA471270842871,Michael,Wilson,Michael_Wilson650@abc.com,exp02,4712708
270778,40,F,8,GR-270778,MA223270778711,James,Thomas,James_Thomas319@abc.com,exp03,2232707
271875,17,F,7,CA-271875,MA351271875640,Joseph,Smith,Joseph_Smith630@abc.com,exp02,3512718
267072,11,M,8,IN-267072,MA200267072588,James,White,James_White606@abc.com,exp03,2002670
271561,42,M,5,AU-271561,MA222271561744,Mary,Miller,Mary_Miller508@abc.com, ,2222715
270108,20,F,7,US-270108,MA224270108879,Robert,Anderson,Robert_Anderson701@abc.com,exp03,2242701
267750,40,M,1,GR-267750,MA432267750975,Robert,Wilson,Robert_Wilson387@abc.com,exp02,4322677
267466,14,F,7,AU-267466,MA208267466689,Charles,Williams,Charles_Williams580@abc.com,exp02,2082674
274813,49,M,6,US-274813,MA284274813909,Jennifer,Johnson,Jennifer_Johnson245@abc.com,exp03,2842748
273734,38,F,9,US-273734,MA254273734655,Michael,Anderson,Michael_Anderson611@abc.com,exp01,2542737
268715,46,M,1,US-268715,MA551268715748,John,Brown,John_Brown739@abc.com, ,5512687
267568,47,M,5,AU-267568,MA453267568644,Michael,Martin,Michael_Martin272@abc.com,exp03,4532675
267559,17,F,2,IN-267559,MA536267559785,James,Thompson,James_Thompson870@abc.com,exp03,5362675
273023,31,F,5,CA-273023,MA136273023977,Mark,Smith,Mark_Smith227@abc.com,exp03,1362730
270244,44,F,5,GR-270244,MA406270244868,Michael,Thomas,Michael_Thomas826@abc.com,exp03,4062702
268229,28,F,3,AU-268229,MA472268229989,David,Anderson,David_Anderson627@abc.com,exp01,4722682
269162,47,M,3,GR-269162,MA412269162753,Linda,Johnson,Linda_Johnson641@abc.com,exp03,4122691
268509,32,M,10,GR-268509,MA392268509660,Elizabeth,Smith,Elizabeth_Smith689@abc.com, ,3922685
269018,12,M,8,AU-269018,MA461269018894,Mary,Davis,Mary_Davis507@abc.com,exp03,4612690
271817,49,M,8,AU-271817,MA553271817793,James,Jackson,James_Jackson130@abc.com,exp03,5532718
269387,41,F,10,AU-269387,MA287269387876,Michael,Taylor,Michael_Taylor584@abc.com,exp03,2872693
267360,17,F,2,IN-267360,MA471267360707,Charles,Brown,Charles_Brown841@abc.com,exp03,4712673
271288,35,F,3,GR-271288,MA556271288605,Daniel,Garcia,Daniel_Garcia836@abc.com,exp03,5562712
268444,13,F,6,US-268444,MA481268444797,James,Lee,James_Lee800@abc.com,exp02,4812684
267058,44,F,10,IN-267058,MA215267058958,Michael,Thompson,Michael_Thompson484@abc.com,exp01,2152670
273420,26,M,8,GR-273420,MA562273420573,Daniel,Johnson,Daniel_Johnson150@abc.com,exp02,5622734
268592,22,F,7,AU-268592,MA453268592825,David,Wilson,David_Wilson466@abc.com,exp03,4532685
